run_id,rep,load_prices_sec,align_weights_sec,compute_metrics_sec,total_sec,io_read_mb,cpu_mean_pct,cpu_peak_pct,rss_peak_mb,cache_dropped,implementation,storage_format,portfolio_scale,phase
00dc2083-470b-4c91-89b1-991ad1c6f67e,0,0.005967,0.000434,0.000433,0.006834000000000001,0.0,5.3,5.3,119.4,False,rust_rayon_nightly,parquet_wide_uncompressed,100,3_compute_opt
00dc2083-470b-4c91-89b1-991ad1c6f67e,1,0.007158,0.000647,0.000676,0.008481,0.0,15.4,15.4,120.5,False,rust_rayon_nightly,parquet_wide_uncompressed,100,3_compute_opt
00dc2083-470b-4c91-89b1-991ad1c6f67e,2,0.017693,0.001123,0.001031,0.019847,0.0,10.5,10.5,121.1,False,rust_rayon_nightly,parquet_wide_uncompressed,100,3_compute_opt
00dc2083-470b-4c91-89b1-991ad1c6f67e,3,0.017385,0.000872,0.000735,0.018992000000000002,0.0,12.7,12.7,121.4,False,rust_rayon_nightly,parquet_wide_uncompressed,100,3_compute_opt
00dc2083-470b-4c91-89b1-991ad1c6f67e,4,0.00887,0.000475,0.00061,0.009954999999999999,0.0,16.7,16.7,121.9,False,rust_rayon_nightly,parquet_wide_uncompressed,100,3_compute_opt
0592fe58-ddb5-479e-87fa-cb86a0346865,0,0.004344,0.000266,0.000264,0.004874,0.0,7.1,7.1,120.7,False,fortran_openmp,parquet_wide_uncompressed,100,2_storage_opt
0592fe58-ddb5-479e-87fa-cb86a0346865,1,0.00386,0.000229,0.000192,0.004281,0.0,0.0,0.0,121.7,False,fortran_openmp,parquet_wide_uncompressed,100,2_storage_opt
0592fe58-ddb5-479e-87fa-cb86a0346865,2,0.003802,0.000231,0.000204,0.004237,0.0,8.3,8.3,122.3,False,fortran_openmp,parquet_wide_uncompressed,100,2_storage_opt
0592fe58-ddb5-479e-87fa-cb86a0346865,3,0.004344,0.000355,0.000266,0.004965,0.0,0.0,0.0,122.8,False,fortran_openmp,parquet_wide_uncompressed,100,2_storage_opt
0592fe58-ddb5-479e-87fa-cb86a0346865,4,0.006106,0.000515,0.000314,0.006935,0.0,5.3,5.3,123.2,False,fortran_openmp,parquet_wide_uncompressed,100,2_storage_opt
0c27095a-acbc-44ef-b7f0-7731c999002a,0,0.009961,0.00032,0.000362,0.010643,0.0,96.8,96.8,1220.3,False,numpy_vectorised,parquet_wide_uncompressed,100,2_storage_opt
0c27095a-acbc-44ef-b7f0-7731c999002a,1,0.004253,0.000307,0.000349,0.004909,0.0,100.0,100.0,1220.3,False,numpy_vectorised,parquet_wide_uncompressed,100,2_storage_opt
0c27095a-acbc-44ef-b7f0-7731c999002a,2,0.004301,0.0003,0.000346,0.004947,0.0,100.0,100.0,1220.3,False,numpy_vectorised,parquet_wide_uncompressed,100,2_storage_opt
0c27095a-acbc-44ef-b7f0-7731c999002a,3,0.004266,0.00034,0.000346,0.004952,0.0,100.0,100.0,1220.3,False,numpy_vectorised,parquet_wide_uncompressed,100,2_storage_opt
0c27095a-acbc-44ef-b7f0-7731c999002a,4,0.005954,0.000318,0.010998,0.01727,0.0,100.0,100.0,1220.3,False,numpy_vectorised,parquet_wide_uncompressed,100,2_storage_opt
1c14e809-2f3f-42a5-8fd9-0fd93c4d2f34,0,0.003992,0.042871,5.614521,5.661384,0.0,17.7,100.0,21996.9,False,numpy_vectorised,parquet_wide_zstd,1000000,2_storage_opt
1c14e809-2f3f-42a5-8fd9-0fd93c4d2f34,1,0.004181,0.042778,5.641367,5.688326,0.0,17.8,100.0,22003.6,False,numpy_vectorised,parquet_wide_zstd,1000000,2_storage_opt
1c14e809-2f3f-42a5-8fd9-0fd93c4d2f34,2,0.004209,0.043243,5.657209,5.704661,0.0,17.8,100.0,22003.7,False,numpy_vectorised,parquet_wide_zstd,1000000,2_storage_opt
1c14e809-2f3f-42a5-8fd9-0fd93c4d2f34,3,0.004261,0.043293,5.604909,5.652463,0.0,17.7,100.0,22004.5,False,numpy_vectorised,parquet_wide_zstd,1000000,2_storage_opt
1c14e809-2f3f-42a5-8fd9-0fd93c4d2f34,4,0.004297,0.042767,5.618449,5.665513,0.0,17.4,100.0,22004.8,False,numpy_vectorised,parquet_wide_zstd,1000000,2_storage_opt
1e2cb7dd-2d5c-420c-8dbd-214da828e156,0,0.012035,0.000322,0.000844,0.013201,0.0,100.0,100.0,1157.0,False,numpy_vectorised,csv_wide,100,1_csv_baseline
1e2cb7dd-2d5c-420c-8dbd-214da828e156,1,0.012244,0.000322,0.000366,0.012931999999999999,0.0,100.0,100.0,1157.0,False,numpy_vectorised,csv_wide,100,1_csv_baseline
1e2cb7dd-2d5c-420c-8dbd-214da828e156,2,0.011555,0.000313,0.000372,0.012240000000000001,0.0,100.0,100.0,1157.0,False,numpy_vectorised,csv_wide,100,1_csv_baseline
1e2cb7dd-2d5c-420c-8dbd-214da828e156,3,0.011298,0.000305,0.000352,0.011955,0.0,100.0,100.0,1157.0,False,numpy_vectorised,csv_wide,100,1_csv_baseline
1e2cb7dd-2d5c-420c-8dbd-214da828e156,4,0.011325,0.000312,0.00384,0.015477,0.0,100.0,100.0,1157.0,False,numpy_vectorised,csv_wide,100,1_csv_baseline
2b035850-7d1d-4446-98db-111315f84d26,0,0.00553,0.000457,0.001432,0.007419,0.0,25.0,25.0,726.5,False,julia_loopvec,parquet_wide_uncompressed,1000,2_storage_opt
2b035850-7d1d-4446-98db-111315f84d26,1,0.003574,0.000345,0.001315,0.005234,0.0,26.7,26.7,727.9,False,julia_loopvec,parquet_wide_uncompressed,1000,2_storage_opt
2b035850-7d1d-4446-98db-111315f84d26,2,0.00361,0.000314,0.001084,0.005007999999999999,0.0,21.4,21.4,728.2,False,julia_loopvec,parquet_wide_uncompressed,1000,2_storage_opt
2b035850-7d1d-4446-98db-111315f84d26,3,0.003599,0.000284,0.001073,0.004956,0.0,28.6,28.6,728.7,False,julia_loopvec,parquet_wide_uncompressed,1000,2_storage_opt
2b035850-7d1d-4446-98db-111315f84d26,4,0.003321,0.000315,0.001293,0.004929,0.0,28.6,28.6,729.1,False,julia_loopvec,parquet_wide_uncompressed,1000,2_storage_opt
2c98d015-8b6c-4c91-8881-3f2440877bbf,0,0.005236,0.043154,2.007268,2.0556579999999998,0.0,77.2,100.0,4281.7,False,java_vector_api,parquet_wide_uncompressed,1000000,2_storage_opt
2c98d015-8b6c-4c91-8881-3f2440877bbf,1,0.005105,0.042879,2.046754,2.094738,0.0,76.7,100.0,5065.0,False,java_vector_api,parquet_wide_uncompressed,1000000,2_storage_opt
2c98d015-8b6c-4c91-8881-3f2440877bbf,2,0.004163,0.042969,2.052593,2.099725,0.0,76.5,100.0,5847.9,False,java_vector_api,parquet_wide_uncompressed,1000000,2_storage_opt
2c98d015-8b6c-4c91-8881-3f2440877bbf,3,0.00507,0.043187,2.05153,2.099787,0.0,76.7,100.0,6630.5,False,java_vector_api,parquet_wide_uncompressed,1000000,2_storage_opt
2c98d015-8b6c-4c91-8881-3f2440877bbf,4,0.004337,0.043777,2.053057,2.101171,0.0,76.6,100.0,7413.3,False,java_vector_api,parquet_wide_uncompressed,1000000,2_storage_opt
2f958ffa-9816-49bf-bd2f-36fce7bff282,0,0.004084,0.0046,0.557398,0.566082,0.0,28.2,100.0,3127.6,False,numpy_vectorised,parquet_wide_zstd,100000,2_storage_opt
2f958ffa-9816-49bf-bd2f-36fce7bff282,1,0.004348,0.00455,0.562592,0.5714899999999999,0.0,29.4,100.0,3127.6,False,numpy_vectorised,parquet_wide_zstd,100000,2_storage_opt
2f958ffa-9816-49bf-bd2f-36fce7bff282,2,0.004446,0.004634,0.562146,0.571226,0.0,28.9,100.0,3127.7,False,numpy_vectorised,parquet_wide_zstd,100000,2_storage_opt
2f958ffa-9816-49bf-bd2f-36fce7bff282,3,0.004128,0.004661,0.594721,0.6035100000000001,0.0,27.3,100.0,3128.2,False,numpy_vectorised,parquet_wide_zstd,100000,2_storage_opt
2f958ffa-9816-49bf-bd2f-36fce7bff282,4,0.003954,0.004679,0.563375,0.572008,0.0,28.5,100.0,3128.3,False,numpy_vectorised,parquet_wide_zstd,100000,2_storage_opt
36bddd20-6d79-4183-a7ed-86f1e96c52bc,0,0.004891,0.043331,5.668205,5.716427,0.0,17.5,100.0,21983.2,False,numpy_vectorised,parquet_wide_snappy,1000000,2_storage_opt
36bddd20-6d79-4183-a7ed-86f1e96c52bc,1,0.004702,0.043342,5.628031,5.676075,0.0,17.5,100.0,21990.1,False,numpy_vectorised,parquet_wide_snappy,1000000,2_storage_opt
36bddd20-6d79-4183-a7ed-86f1e96c52bc,2,0.003839,0.043227,5.685425,5.7324910000000004,0.0,17.5,100.0,21990.4,False,numpy_vectorised,parquet_wide_snappy,1000000,2_storage_opt
36bddd20-6d79-4183-a7ed-86f1e96c52bc,3,0.004508,0.043437,5.634268,5.682213,0.0,17.3,100.0,21990.8,False,numpy_vectorised,parquet_wide_snappy,1000000,2_storage_opt
36bddd20-6d79-4183-a7ed-86f1e96c52bc,4,0.00449,0.042832,5.611354,5.658676000000001,0.0,17.4,100.0,21991.3,False,numpy_vectorised,parquet_wide_snappy,1000000,2_storage_opt
38493971-fdfb-40ea-b393-1ce21abfa7a5,0,0.004683,0.000273,0.000189,0.005144999999999999,0.0,0.0,0.0,240.4,False,numba_parallel,parquet_wide_uncompressed,100,3_compute_opt
38493971-fdfb-40ea-b393-1ce21abfa7a5,1,0.004031,0.000231,0.000214,0.004476,0.0,7.7,7.7,241.6,False,numba_parallel,parquet_wide_uncompressed,100,3_compute_opt
38493971-fdfb-40ea-b393-1ce21abfa7a5,2,0.003897,0.000584,0.000194,0.0046749999999999995,0.0,7.7,7.7,242.2,False,numba_parallel,parquet_wide_uncompressed,100,3_compute_opt
38493971-fdfb-40ea-b393-1ce21abfa7a5,3,0.003709,0.000267,0.000171,0.0041470000000000005,0.0,8.3,8.3,242.5,False,numba_parallel,parquet_wide_uncompressed,100,3_compute_opt
38493971-fdfb-40ea-b393-1ce21abfa7a5,4,0.003714,0.000227,0.000182,0.004123,0.0,0.0,0.0,243.0,False,numba_parallel,parquet_wide_uncompressed,100,3_compute_opt
44c29b50-a630-48fa-9841-61aed014fe1d,0,0.037679,0.004924,0.570995,0.613598,0.0,27.6,100.0,3086.9,False,numpy_vectorised,parquet_per_stock,100000,2_storage_opt
44c29b50-a630-48fa-9841-61aed014fe1d,1,0.0412,0.004853,0.553753,0.5998060000000001,0.0,25.8,100.0,3087.2,False,numpy_vectorised,parquet_per_stock,100000,2_storage_opt
44c29b50-a630-48fa-9841-61aed014fe1d,2,0.040198,0.005006,0.60671,0.651914,0.0,27.4,100.0,3087.2,False,numpy_vectorised,parquet_per_stock,100000,2_storage_opt
44c29b50-a630-48fa-9841-61aed014fe1d,3,0.036022,0.004846,0.556152,0.59702,0.0,26.9,100.0,3087.2,False,numpy_vectorised,parquet_per_stock,100000,2_storage_opt
44c29b50-a630-48fa-9841-61aed014fe1d,4,0.036445,0.004824,0.551502,0.592771,0.0,26.9,100.0,3087.2,False,numpy_vectorised,parquet_per_stock,100000,2_storage_opt
4514142f-05c0-4e04-b8a4-8cea9d5d50c0,0,0.004824,0.010808,0.300312,0.315944,0.0,77.4,100.0,324.6,False,go_goroutines,parquet_wide_uncompressed,100000,2_storage_opt
4514142f-05c0-4e04-b8a4-8cea9d5d50c0,1,0.00464,0.010537,0.29872,0.313897,0.0,76.3,100.0,327.3,False,go_goroutines,parquet_wide_uncompressed,100000,2_storage_opt
4514142f-05c0-4e04-b8a4-8cea9d5d50c0,2,0.0043,0.010702,0.292861,0.307863,0.0,79.7,100.0,327.9,False,go_goroutines,parquet_wide_uncompressed,100000,2_storage_opt
4514142f-05c0-4e04-b8a4-8cea9d5d50c0,3,0.004534,0.010576,0.293597,0.308707,0.0,77.5,100.0,327.8,False,go_goroutines,parquet_wide_uncompressed,100000,2_storage_opt
4514142f-05c0-4e04-b8a4-8cea9d5d50c0,4,0.004178,0.011182,0.288843,0.304203,0.0,77.6,100.0,328.4,False,go_goroutines,parquet_wide_uncompressed,100000,2_storage_opt
4727c4ed-4a36-49ee-9566-b409bb93825a,0,0.004334,0.000279,0.001021,0.005634,0.0,12.5,12.5,122.7,False,go_goroutines,parquet_wide_uncompressed,100,2_storage_opt
4727c4ed-4a36-49ee-9566-b409bb93825a,1,0.003608,0.000247,0.000959,0.004814,0.0,23.5,23.5,123.9,False,go_goroutines,parquet_wide_uncompressed,100,2_storage_opt
4727c4ed-4a36-49ee-9566-b409bb93825a,2,0.004823,0.000267,0.000934,0.006024,0.0,11.1,11.1,124.5,False,go_goroutines,parquet_wide_uncompressed,100,2_storage_opt
4727c4ed-4a36-49ee-9566-b409bb93825a,3,0.003423,0.000251,0.000845,0.004519,0.0,7.7,7.7,124.9,False,go_goroutines,parquet_wide_uncompressed,100,2_storage_opt
4727c4ed-4a36-49ee-9566-b409bb93825a,4,0.003551,0.000241,0.000894,0.004686,0.0,7.7,7.7,125.5,False,go_goroutines,parquet_wide_uncompressed,100,2_storage_opt
48d2d0d3-33b8-4937-98cd-edcd5cbffb1b,0,0.005839,0.010534,0.124988,0.14136100000000001,0.0,39.3,86.8,989.1,False,julia_loopvec,parquet_wide_uncompressed,100000,2_storage_opt
48d2d0d3-33b8-4937-98cd-edcd5cbffb1b,1,0.005654,0.010974,0.143147,0.159775,0.0,31.5,67.8,990.3,False,julia_loopvec,parquet_wide_uncompressed,100000,2_storage_opt
48d2d0d3-33b8-4937-98cd-edcd5cbffb1b,2,0.004985,0.010658,0.123364,0.139007,0.0,46.9,73.0,895.0,False,julia_loopvec,parquet_wide_uncompressed,100000,2_storage_opt
4d6bafac-cc5d-486c-9c11-31e9952532b5,0,0.038126,0.043109,5.55621,5.6374450000000005,0.0,16.8,100.0,21961.0,False,numpy_vectorised,parquet_per_stock,1000000,2_storage_opt
4d6bafac-cc5d-486c-9c11-31e9952532b5,1,0.037587,0.042875,5.708626,5.789088,0.0,16.4,100.0,21961.0,False,numpy_vectorised,parquet_per_stock,1000000,2_storage_opt
4d6bafac-cc5d-486c-9c11-31e9952532b5,2,0.03767,0.045344,5.574497,5.657511,0.0,16.9,100.0,21961.0,False,numpy_vectorised,parquet_per_stock,1000000,2_storage_opt
4d6bafac-cc5d-486c-9c11-31e9952532b5,3,0.039068,0.043297,5.580439,5.662804,0.0,16.9,100.0,21961.0,False,numpy_vectorised,parquet_per_stock,1000000,2_storage_opt
4d6bafac-cc5d-486c-9c11-31e9952532b5,4,0.041151,0.042866,5.629899,5.713916,0.0,16.7,100.0,21961.0,False,numpy_vectorised,parquet_per_stock,1000000,2_storage_opt
550ee20d-1a70-4828-b208-1860b7e107f8,0,0.005462,0.042532,1.159685,1.2076790000000002,0.0,66.8,100.0,2417.4,False,fortran_openmp,parquet_wide_uncompressed,1000000,2_storage_opt
550ee20d-1a70-4828-b208-1860b7e107f8,1,0.005334,0.04223,1.160537,1.2081009999999999,0.0,74.3,100.0,2425.3,False,fortran_openmp,parquet_wide_uncompressed,1000000,2_storage_opt
550ee20d-1a70-4828-b208-1860b7e107f8,2,0.004961,0.042813,1.096944,1.144718,0.0,71.3,100.0,2425.9,False,fortran_openmp,parquet_wide_uncompressed,1000000,2_storage_opt
550ee20d-1a70-4828-b208-1860b7e107f8,3,0.004787,0.042502,1.215286,1.262575,0.0,69.7,100.0,2426.3,False,fortran_openmp,parquet_wide_uncompressed,1000000,2_storage_opt
550ee20d-1a70-4828-b208-1860b7e107f8,4,0.004349,0.042968,1.09287,1.140187,0.0,71.9,100.0,2426.9,False,fortran_openmp,parquet_wide_uncompressed,1000000,2_storage_opt
598d5d76-1578-4a7d-9641-2dbda33a7909,0,0.009056,0.042235,5.553576,5.604867,0.0,16.9,100.0,21940.1,False,numpy_vectorised,csv_wide,1000000,1_csv_baseline
598d5d76-1578-4a7d-9641-2dbda33a7909,1,0.008796,0.042865,5.604988,5.656649,0.0,16.7,100.0,21940.1,False,numpy_vectorised,csv_wide,1000000,1_csv_baseline
598d5d76-1578-4a7d-9641-2dbda33a7909,2,0.009205,0.046913,5.549549,5.6056669999999995,0.0,16.9,100.0,21940.1,False,numpy_vectorised,csv_wide,1000000,1_csv_baseline
598d5d76-1578-4a7d-9641-2dbda33a7909,3,0.009217,0.042111,5.54777,5.599098,0.0,16.8,100.0,21940.1,False,numpy_vectorised,csv_wide,1000000,1_csv_baseline
598d5d76-1578-4a7d-9641-2dbda33a7909,4,0.009213,0.042607,5.557943,5.609763,0.0,17.0,100.0,21940.1,False,numpy_vectorised,csv_wide,1000000,1_csv_baseline
5e524d6c-19d2-4434-9655-b743b1e74e08,0,0.004453,0.010489,0.142835,0.157777,0.0,79.4,100.0,322.0,False,rust_rayon_nightly,parquet_wide_uncompressed,100000,3_compute_opt
5e524d6c-19d2-4434-9655-b743b1e74e08,1,0.004172,0.010311,0.137852,0.152335,0.0,77.6,100.0,324.9,False,rust_rayon_nightly,parquet_wide_uncompressed,100000,3_compute_opt
5e524d6c-19d2-4434-9655-b743b1e74e08,2,0.004305,0.010325,0.136867,0.151497,0.0,77.4,100.0,325.6,False,rust_rayon_nightly,parquet_wide_uncompressed,100000,3_compute_opt
5e524d6c-19d2-4434-9655-b743b1e74e08,3,0.004053,0.010454,0.139908,0.154415,0.0,77.9,100.0,326.0,False,rust_rayon_nightly,parquet_wide_uncompressed,100000,3_compute_opt
5e524d6c-19d2-4434-9655-b743b1e74e08,4,0.004147,0.010359,0.138095,0.152601,0.0,77.4,100.0,326.3,False,rust_rayon_nightly,parquet_wide_uncompressed,100000,3_compute_opt
5e7aa85b-6457-44cc-b5dd-ca174044b9d4,0,0.004268,0.004706,0.556773,0.565747,0.0,28.0,100.0,3108.1,False,numpy_vectorised,parquet_wide_snappy,100000,2_storage_opt
5e7aa85b-6457-44cc-b5dd-ca174044b9d4,1,0.003883,0.004662,0.559976,0.568521,0.0,29.5,100.0,3109.5,False,numpy_vectorised,parquet_wide_snappy,100000,2_storage_opt
5e7aa85b-6457-44cc-b5dd-ca174044b9d4,2,0.004186,0.0047,0.557842,0.5667279999999999,0.0,28.0,100.0,3110.2,False,numpy_vectorised,parquet_wide_snappy,100000,2_storage_opt
5e7aa85b-6457-44cc-b5dd-ca174044b9d4,3,0.004743,0.004604,0.560433,0.56978,0.0,29.4,100.0,3110.8,False,numpy_vectorised,parquet_wide_snappy,100000,2_storage_opt
5e7aa85b-6457-44cc-b5dd-ca174044b9d4,4,0.004105,0.0048,0.564786,0.5736910000000001,0.0,28.1,100.0,3111.8,False,numpy_vectorised,parquet_wide_snappy,100000,2_storage_opt
696c32f8-7901-4e61-b18b-f8d3f1648c87,0,0.069427,0.04312,5.648053,5.7606,0.0,16.7,100.0,21938.9,False,numpy_vectorised,csv_per_stock,1000000,1_csv_baseline
696c32f8-7901-4e61-b18b-f8d3f1648c87,1,0.068711,0.04268,5.646561,5.757952,0.0,17.0,100.0,21938.9,False,numpy_vectorised,csv_per_stock,1000000,1_csv_baseline
696c32f8-7901-4e61-b18b-f8d3f1648c87,2,0.069403,0.043441,5.609673,5.722517,0.0,16.9,100.0,21938.9,False,numpy_vectorised,csv_per_stock,1000000,1_csv_baseline
696c32f8-7901-4e61-b18b-f8d3f1648c87,3,0.069146,0.042741,5.672646,5.784533000000001,0.0,16.8,100.0,21938.9,False,numpy_vectorised,csv_per_stock,1000000,1_csv_baseline
696c32f8-7901-4e61-b18b-f8d3f1648c87,4,0.070305,0.043783,5.758713,5.872801,0.0,16.4,100.0,21938.9,False,numpy_vectorised,csv_per_stock,1000000,1_csv_baseline
6a10d7e3-d35e-4761-b97f-cf5efab660eb,0,0.006646,0.000771,0.003609,0.011026,0.0,19.4,19.4,373.2,False,java_vector_api,parquet_wide_uncompressed,1000,2_storage_opt
6a10d7e3-d35e-4761-b97f-cf5efab660eb,1,0.004912,0.000635,0.003153,0.0087,0.0,20.0,20.0,376.0,False,java_vector_api,parquet_wide_uncompressed,1000,2_storage_opt
6a10d7e3-d35e-4761-b97f-cf5efab660eb,2,0.004711,0.001085,0.002716,0.008512,0.0,23.1,23.1,378.0,False,java_vector_api,parquet_wide_uncompressed,1000,2_storage_opt
6a10d7e3-d35e-4761-b97f-cf5efab660eb,3,0.003704,0.000277,0.002319,0.0063,0.0,38.1,38.1,380.3,False,java_vector_api,parquet_wide_uncompressed,1000,2_storage_opt
6a10d7e3-d35e-4761-b97f-cf5efab660eb,4,0.003979,0.000313,0.002392,0.006684,0.0,36.4,36.4,382.5,False,java_vector_api,parquet_wide_uncompressed,1000,2_storage_opt
6e505d5c-7a14-4e26-adaf-cd8d5ecbdee7,0,0.067938,0.010437,0.569404,0.647779,0.0,24.2,100.0,2319.6,False,numpy_vectorised,csv_per_stock,100000,1_csv_baseline
6e505d5c-7a14-4e26-adaf-cd8d5ecbdee7,1,0.067902,0.011278,0.572294,0.651474,0.0,24.2,100.0,2323.2,False,numpy_vectorised,csv_per_stock,100000,1_csv_baseline
6e505d5c-7a14-4e26-adaf-cd8d5ecbdee7,2,0.068287,0.010494,0.570245,0.649026,0.0,25.2,100.0,2323.2,False,numpy_vectorised,csv_per_stock,100000,1_csv_baseline
6e505d5c-7a14-4e26-adaf-cd8d5ecbdee7,3,0.068383,0.010448,0.566797,0.645628,0.0,25.0,100.0,2323.2,False,numpy_vectorised,csv_per_stock,100000,1_csv_baseline
6e505d5c-7a14-4e26-adaf-cd8d5ecbdee7,4,0.068189,0.010418,0.56823,0.646837,0.0,25.0,100.0,2323.2,False,numpy_vectorised,csv_per_stock,100000,1_csv_baseline
7487e2c3-4627-4548-9516-b56064bc0d12,0,0.004929,0.042952,11.577915,11.625796000000001,0.0,24.1,100.0,34624.5,False,polars_engine,parquet_wide_uncompressed,1000000,3_compute_opt
7487e2c3-4627-4548-9516-b56064bc0d12,1,0.005124,0.04255,11.68052,11.728194,0.0,24.3,100.0,34992.3,False,polars_engine,parquet_wide_uncompressed,1000000,3_compute_opt
7487e2c3-4627-4548-9516-b56064bc0d12,2,0.004337,0.042937,11.564904,11.612178,0.0,24.2,100.0,35692.0,False,polars_engine,parquet_wide_uncompressed,1000000,3_compute_opt
7487e2c3-4627-4548-9516-b56064bc0d12,3,0.004543,0.043128,11.701065,11.748736,0.0,23.9,100.0,35914.7,False,polars_engine,parquet_wide_uncompressed,1000000,3_compute_opt
7487e2c3-4627-4548-9516-b56064bc0d12,4,0.004348,0.043073,11.541388,11.588809,0.0,23.9,100.0,36041.4,False,polars_engine,parquet_wide_uncompressed,1000000,3_compute_opt
75519778-3b4f-4101-843e-aeef6ac93898,0,0.004489,0.00028,0.001418,0.006187,0.0,11.8,11.8,121.9,False,fortran_openmp,parquet_wide_uncompressed,1000,2_storage_opt
75519778-3b4f-4101-843e-aeef6ac93898,1,0.004116,0.000269,0.001351,0.005736,0.0,26.3,26.3,123.1,False,fortran_openmp,parquet_wide_uncompressed,1000,2_storage_opt
75519778-3b4f-4101-843e-aeef6ac93898,2,0.004488,0.000307,0.001428,0.006222999999999999,0.0,26.3,26.3,123.8,False,fortran_openmp,parquet_wide_uncompressed,1000,2_storage_opt
75519778-3b4f-4101-843e-aeef6ac93898,3,0.004547,0.000372,0.001874,0.0067929999999999996,0.0,20.0,20.0,124.3,False,fortran_openmp,parquet_wide_uncompressed,1000,2_storage_opt
75519778-3b4f-4101-843e-aeef6ac93898,4,0.005189,0.000373,0.001555,0.007117,0.0,19.0,19.0,124.8,False,fortran_openmp,parquet_wide_uncompressed,1000,2_storage_opt
7da96fcb-6589-4443-a023-f6d2d8a43b34,0,0.010891,0.00035,0.00037,0.011611,0.0,97.1,97.1,1182.3,False,numpy_vectorised,parquet_wide_snappy,100,2_storage_opt
7da96fcb-6589-4443-a023-f6d2d8a43b34,1,0.007767,0.000528,0.006394,0.014689,0.0,100.0,100.0,1183.4,False,numpy_vectorised,parquet_wide_snappy,100,2_storage_opt
7da96fcb-6589-4443-a023-f6d2d8a43b34,2,0.004647,0.000305,0.000354,0.005306,0.0,100.0,100.0,1184.3,False,numpy_vectorised,parquet_wide_snappy,100,2_storage_opt
7da96fcb-6589-4443-a023-f6d2d8a43b34,3,0.009303,0.000591,0.000376,0.01027,0.0,100.0,100.0,1184.8,False,numpy_vectorised,parquet_wide_snappy,100,2_storage_opt
7da96fcb-6589-4443-a023-f6d2d8a43b34,4,0.007729,0.000316,0.000353,0.008398,0.0,96.0,96.0,1185.7,False,numpy_vectorised,parquet_wide_snappy,100,2_storage_opt
7f16fb8a-7429-4310-a255-3b163e06b5fe,0,0.07832,0.000562,0.005882,0.084764,0.0,88.1,100.0,120.3,False,numpy_vectorised,csv_per_stock,1000,1_csv_baseline
7f16fb8a-7429-4310-a255-3b163e06b5fe,1,0.077836,0.000534,0.006045,0.084415,0.0,92.2,100.0,122.4,False,numpy_vectorised,csv_per_stock,1000,1_csv_baseline
7f16fb8a-7429-4310-a255-3b163e06b5fe,2,0.078087,0.000569,0.008573,0.087229,0.0,92.2,100.0,120.2,False,numpy_vectorised,csv_per_stock,1000,1_csv_baseline
7f16fb8a-7429-4310-a255-3b163e06b5fe,3,0.077921,0.000531,0.006158,0.08461,0.0,89.7,100.0,124.2,False,numpy_vectorised,csv_per_stock,1000,1_csv_baseline
7f16fb8a-7429-4310-a255-3b163e06b5fe,4,0.078381,0.000544,0.015177,0.094102,0.0,93.4,100.0,120.2,False,numpy_vectorised,csv_per_stock,1000,1_csv_baseline
7f6b825e-98c7-45b1-ac5f-db7dde32144e,0,0.067625,0.000519,0.017549,0.085693,0.0,3.8,4.2,114.1,False,pandas_baseline,csv_per_stock,1000,1_csv_baseline
7f6b825e-98c7-45b1-ac5f-db7dde32144e,1,0.067007,0.000522,0.020653,0.088182,0.0,4.6,5.6,114.1,False,pandas_baseline,csv_per_stock,1000,1_csv_baseline
7f6b825e-98c7-45b1-ac5f-db7dde32144e,2,0.067145,0.000489,0.020337,0.087971,0.0,4.2,4.2,114.6,False,pandas_baseline,csv_per_stock,1000,1_csv_baseline
7f6b825e-98c7-45b1-ac5f-db7dde32144e,3,0.067438,0.000531,0.017332,0.085301,0.0,4.6,5.5,114.5,False,pandas_baseline,csv_per_stock,1000,1_csv_baseline
7f6b825e-98c7-45b1-ac5f-db7dde32144e,4,0.067191,0.000482,0.017286,0.08495899999999999,0.0,4.2,5.6,115.0,False,pandas_baseline,csv_per_stock,1000,1_csv_baseline
7fb6f930-8fec-4c17-be3a-5d6373e0a97b,0,0.005324,0.000298,0.001315,0.006937,0.0,5.3,5.3,448.1,False,java_vector_api,parquet_wide_uncompressed,100,2_storage_opt
7fb6f930-8fec-4c17-be3a-5d6373e0a97b,1,0.003882,0.000254,0.00097,0.005106,0.0,23.5,23.5,450.1,False,java_vector_api,parquet_wide_uncompressed,100,2_storage_opt
7fb6f930-8fec-4c17-be3a-5d6373e0a97b,2,0.003414,0.000461,0.000933,0.004808,0.0,0.0,0.0,451.5,False,java_vector_api,parquet_wide_uncompressed,100,2_storage_opt
7fb6f930-8fec-4c17-be3a-5d6373e0a97b,3,0.003756,0.000338,0.001129,0.005222999999999999,0.0,29.4,29.4,453.2,False,java_vector_api,parquet_wide_uncompressed,100,2_storage_opt
7fb6f930-8fec-4c17-be3a-5d6373e0a97b,4,0.003579,0.000228,0.000778,0.0045850000000000005,0.0,0.0,0.0,454.7,False,java_vector_api,parquet_wide_uncompressed,100,2_storage_opt
88052052-ff6f-4916-b07c-865c5f5b7d50,0,0.01154,0.000621,0.002752,0.014913,0.0,100.0,100.0,1157.0,False,numpy_vectorised,csv_wide,1000,1_csv_baseline
88052052-ff6f-4916-b07c-865c5f5b7d50,1,0.011884,0.000392,0.002942,0.015218,0.0,100.0,100.0,1157.0,False,numpy_vectorised,csv_wide,1000,1_csv_baseline
88052052-ff6f-4916-b07c-865c5f5b7d50,2,0.011922,0.000376,0.002738,0.015036,0.0,100.0,100.0,1157.0,False,numpy_vectorised,csv_wide,1000,1_csv_baseline
88052052-ff6f-4916-b07c-865c5f5b7d50,3,0.011699,0.000398,0.002737,0.014834,0.0,100.0,100.0,1157.0,False,numpy_vectorised,csv_wide,1000,1_csv_baseline
88052052-ff6f-4916-b07c-865c5f5b7d50,4,0.011704,0.000387,0.0035,0.015591,0.0,100.0,100.0,1157.0,False,numpy_vectorised,csv_wide,1000,1_csv_baseline
8a06cdf3-be54-496e-a2ed-1be89aaf2921,0,0.004247,0.004619,0.564246,0.5731120000000001,0.0,28.1,100.0,3137.3,False,numpy_vectorised,parquet_wide_uncompressed,100000,2_storage_opt
8a06cdf3-be54-496e-a2ed-1be89aaf2921,1,0.004426,0.004583,0.572905,0.581914,0.0,28.3,100.0,3137.3,False,numpy_vectorised,parquet_wide_uncompressed,100000,2_storage_opt
8a06cdf3-be54-496e-a2ed-1be89aaf2921,2,0.004464,0.004528,0.595775,0.604767,0.0,25.9,97.4,3137.4,False,numpy_vectorised,parquet_wide_uncompressed,100000,2_storage_opt
8a06cdf3-be54-496e-a2ed-1be89aaf2921,3,0.004521,0.004641,0.563662,0.572824,0.0,28.4,100.0,3137.4,False,numpy_vectorised,parquet_wide_uncompressed,100000,2_storage_opt
8a06cdf3-be54-496e-a2ed-1be89aaf2921,4,0.004077,0.004657,0.561605,0.570339,0.0,28.0,100.0,3137.4,False,numpy_vectorised,parquet_wide_uncompressed,100000,2_storage_opt
8ec8d16f-d25a-430a-9138-697183a4b54d,0,0.005988,0.000598,0.004692,0.011278,0.0,38.9,38.9,122.4,False,rust_rayon_nightly,parquet_wide_uncompressed,1000,3_compute_opt
8ec8d16f-d25a-430a-9138-697183a4b54d,1,0.007446,0.000985,0.00407,0.012501000000000002,0.0,31.6,31.6,124.3,False,rust_rayon_nightly,parquet_wide_uncompressed,1000,3_compute_opt
8ec8d16f-d25a-430a-9138-697183a4b54d,2,0.007419,0.000623,0.005752,0.013794,0.0,37.5,37.5,124.8,False,rust_rayon_nightly,parquet_wide_uncompressed,1000,3_compute_opt
8ec8d16f-d25a-430a-9138-697183a4b54d,3,0.010288,0.00064,0.005488,0.016416,0.0,31.9,31.9,125.2,False,rust_rayon_nightly,parquet_wide_uncompressed,1000,3_compute_opt
8ec8d16f-d25a-430a-9138-697183a4b54d,4,0.006886,0.000421,0.002747,0.010054,0.0,29.0,29.0,125.8,False,rust_rayon_nightly,parquet_wide_uncompressed,1000,3_compute_opt
8f4315f5-ceec-4ded-8881-9f369a5cee87,0,0.005935,0.000398,0.000935,0.007268,0.0,10.0,10.0,739.2,False,julia_loopvec,parquet_wide_uncompressed,100,2_storage_opt
8f4315f5-ceec-4ded-8881-9f369a5cee87,1,0.004322,0.000324,0.000314,0.00496,0.0,20.0,20.0,740.5,False,julia_loopvec,parquet_wide_uncompressed,100,2_storage_opt
8f4315f5-ceec-4ded-8881-9f369a5cee87,2,0.003739,0.000257,0.000305,0.004301,0.0,8.3,8.3,741.1,False,julia_loopvec,parquet_wide_uncompressed,100,2_storage_opt
8f4315f5-ceec-4ded-8881-9f369a5cee87,3,0.003531,0.00023,0.000258,0.004019,0.0,0.0,0.0,741.5,False,julia_loopvec,parquet_wide_uncompressed,100,2_storage_opt
8f4315f5-ceec-4ded-8881-9f369a5cee87,4,0.003563,0.000274,0.000373,0.00421,0.0,16.7,16.7,741.9,False,julia_loopvec,parquet_wide_uncompressed,100,2_storage_opt
9dd5a39c-2179-43c1-b224-7df02cecfa31,0,0.006576,0.103362,1.238644,1.3485820000000002,0.0,11.5,90.2,3404.1,False,julia_loopvec,parquet_wide_uncompressed,1000000,2_storage_opt
9dd5a39c-2179-43c1-b224-7df02cecfa31,1,0.004629,0.110069,1.226292,1.34099,0.0,11.1,91.1,3420.1,False,julia_loopvec,parquet_wide_uncompressed,1000000,2_storage_opt
9dd5a39c-2179-43c1-b224-7df02cecfa31,2,0.004413,0.102174,1.236836,1.343423,0.0,11.5,90.0,3476.4,False,julia_loopvec,parquet_wide_uncompressed,1000000,2_storage_opt
9dd5a39c-2179-43c1-b224-7df02cecfa31,3,0.004745,0.105601,1.231081,1.3414270000000001,0.0,12.2,89.8,3411.5,False,julia_loopvec,parquet_wide_uncompressed,1000000,2_storage_opt
9dd5a39c-2179-43c1-b224-7df02cecfa31,4,0.004765,0.101805,1.233433,1.340003,0.0,11.9,87.1,3450.3,False,julia_loopvec,parquet_wide_uncompressed,1000000,2_storage_opt
a41dcac5-b130-4089-be03-f96d3eec39a7,0,0.082811,0.000444,0.000646,0.08390099999999999,0.0,94.2,100.0,114.6,False,numpy_vectorised,csv_per_stock,100,1_csv_baseline
a41dcac5-b130-4089-be03-f96d3eec39a7,1,0.079169,0.000464,0.000747,0.08038000000000001,0.0,97.7,100.0,114.6,False,numpy_vectorised,csv_per_stock,100,1_csv_baseline
a41dcac5-b130-4089-be03-f96d3eec39a7,2,0.079313,0.000427,0.000675,0.08041499999999999,0.0,97.7,100.0,112.9,False,numpy_vectorised,csv_per_stock,100,1_csv_baseline
a41dcac5-b130-4089-be03-f96d3eec39a7,3,0.079372,0.00049,0.000681,0.080543,0.0,95.1,100.0,114.6,False,numpy_vectorised,csv_per_stock,100,1_csv_baseline
a41dcac5-b130-4089-be03-f96d3eec39a7,4,0.079262,0.000552,0.000676,0.08048999999999999,0.0,94.6,100.0,114.7,False,numpy_vectorised,csv_per_stock,100,1_csv_baseline
a56b1299-a326-4ea3-86b9-64d3b6603f97,0,0.004885,0.000323,0.001182,0.00639,0.0,11.8,11.8,242.1,False,numba_parallel,parquet_wide_uncompressed,1000,3_compute_opt
a56b1299-a326-4ea3-86b9-64d3b6603f97,1,0.003972,0.000272,0.00113,0.0053739999999999994,0.0,7.1,7.1,244.1,False,numba_parallel,parquet_wide_uncompressed,1000,3_compute_opt
a56b1299-a326-4ea3-86b9-64d3b6603f97,2,0.003401,0.000621,0.001106,0.005128,0.0,25.0,25.0,244.8,False,numba_parallel,parquet_wide_uncompressed,1000,3_compute_opt
a56b1299-a326-4ea3-86b9-64d3b6603f97,3,0.003626,0.000249,0.001101,0.0049759999999999995,0.0,7.7,7.7,245.3,False,numba_parallel,parquet_wide_uncompressed,1000,3_compute_opt
a56b1299-a326-4ea3-86b9-64d3b6603f97,4,0.003725,0.000256,0.001178,0.005159,0.0,20.0,20.0,245.8,False,numba_parallel,parquet_wide_uncompressed,1000,3_compute_opt
a645dcea-29b9-4102-a521-47a8311aa780,0,0.007151,,0.161038,0.16818899999999998,0.0,38.1,100.0,167.9,False,dask_local,parquet_wide_uncompressed,1000,4_distributed
a645dcea-29b9-4102-a521-47a8311aa780,1,0.006272,,0.076123,0.082395,0.0,95.0,97.0,155.6,False,dask_local,parquet_wide_uncompressed,1000,4_distributed
b1fcf3fc-04c7-4c34-93e2-c6e8a63d17dd,0,0.00529,0.010687,0.150367,0.166344,0.0,55.9,97.3,322.4,False,fortran_openmp,parquet_wide_uncompressed,100000,2_storage_opt
b1fcf3fc-04c7-4c34-93e2-c6e8a63d17dd,1,0.004115,0.010453,0.112486,0.127054,0.0,64.0,100.0,325.2,False,fortran_openmp,parquet_wide_uncompressed,100000,2_storage_opt
b1fcf3fc-04c7-4c34-93e2-c6e8a63d17dd,2,0.004788,0.010497,0.11308,0.128365,0.0,63.6,100.0,325.8,False,fortran_openmp,parquet_wide_uncompressed,100000,2_storage_opt
b1fcf3fc-04c7-4c34-93e2-c6e8a63d17dd,3,0.004289,0.010788,0.113418,0.128495,0.0,64.1,100.0,326.4,False,fortran_openmp,parquet_wide_uncompressed,100000,2_storage_opt
b1fcf3fc-04c7-4c34-93e2-c6e8a63d17dd,4,0.004665,0.010562,0.112897,0.128124,0.0,64.3,100.0,326.8,False,fortran_openmp,parquet_wide_uncompressed,100000,2_storage_opt
b4a880cd-d450-4544-8cef-43746a5ddb2f,0,0.0159,0.000431,0.003101,0.019432,0.0,98.2,98.2,1187.1,False,numpy_vectorised,parquet_wide_snappy,1000,2_storage_opt
b4a880cd-d450-4544-8cef-43746a5ddb2f,1,0.011252,0.000672,0.005894,0.017818,0.0,98.0,98.0,1188.0,False,numpy_vectorised,parquet_wide_snappy,1000,2_storage_opt
b4a880cd-d450-4544-8cef-43746a5ddb2f,2,0.014605,0.000678,0.007558,0.022841,0.0,96.9,96.9,1189.0,False,numpy_vectorised,parquet_wide_snappy,1000,2_storage_opt
b4a880cd-d450-4544-8cef-43746a5ddb2f,3,0.008219,0.000688,0.00867,0.017577000000000002,0.0,97.9,97.9,1189.1,False,numpy_vectorised,parquet_wide_snappy,1000,2_storage_opt
b4a880cd-d450-4544-8cef-43746a5ddb2f,4,0.014168,0.000428,0.002949,0.017544999999999998,0.0,98.0,98.0,1189.9,False,numpy_vectorised,parquet_wide_snappy,1000,2_storage_opt
bb7afa59-4399-4872-89fe-6db8bdade1ea,0,0.00626,0.000567,0.044645,0.051472,0.0,86.3,97.1,177.5,False,polars_engine,parquet_wide_uncompressed,100,3_compute_opt
bb7afa59-4399-4872-89fe-6db8bdade1ea,1,0.013194,0.000705,0.041143,0.055042,0.0,99.4,100.0,184.2,False,polars_engine,parquet_wide_uncompressed,100,3_compute_opt
bb7afa59-4399-4872-89fe-6db8bdade1ea,2,0.010645,0.000957,0.038899,0.050501000000000004,0.0,99.0,99.3,185.9,False,polars_engine,parquet_wide_uncompressed,100,3_compute_opt
bb7afa59-4399-4872-89fe-6db8bdade1ea,3,0.012632,0.000737,0.03896,0.052329,0.0,98.8,98.8,189.8,False,polars_engine,parquet_wide_uncompressed,100,3_compute_opt
bb7afa59-4399-4872-89fe-6db8bdade1ea,4,0.014384,0.000575,0.035266,0.050225,0.0,99.7,100.0,193.3,False,polars_engine,parquet_wide_uncompressed,100,3_compute_opt
bf898763-504a-43bb-81f3-1aec32c30902,0,0.005553,0.102518,2.793591,2.901662,0.0,80.4,100.0,2799.0,False,go_goroutines,parquet_wide_uncompressed,1000000,2_storage_opt
bf898763-504a-43bb-81f3-1aec32c30902,1,0.00502,0.101572,2.80867,2.9152620000000002,0.0,81.8,100.0,2806.7,False,go_goroutines,parquet_wide_uncompressed,1000000,2_storage_opt
bf898763-504a-43bb-81f3-1aec32c30902,2,0.004648,0.102268,2.733829,2.840745,0.0,82.1,100.0,2807.4,False,go_goroutines,parquet_wide_uncompressed,1000000,2_storage_opt
bf898763-504a-43bb-81f3-1aec32c30902,3,0.004939,0.102205,2.805385,2.9125289999999997,0.0,82.3,100.0,2807.9,False,go_goroutines,parquet_wide_uncompressed,1000000,2_storage_opt
bf898763-504a-43bb-81f3-1aec32c30902,4,0.004492,0.102755,2.742824,2.8500710000000002,0.0,83.0,100.0,2808.2,False,go_goroutines,parquet_wide_uncompressed,1000000,2_storage_opt
c3177181-001e-4e5e-bd4e-a4f377fe62b6,0,0.004093,0.010427,0.10958,0.1241,0.0,68.2,100.0,448.6,False,numba_parallel,parquet_wide_uncompressed,100000,3_compute_opt
c3177181-001e-4e5e-bd4e-a4f377fe62b6,1,0.003952,0.010327,0.103521,0.1178,0.0,67.3,100.0,450.5,False,numba_parallel,parquet_wide_uncompressed,100000,3_compute_opt
c3177181-001e-4e5e-bd4e-a4f377fe62b6,2,0.004494,0.010385,0.126604,0.141483,0.0,53.6,95.7,450.6,False,numba_parallel,parquet_wide_uncompressed,100000,3_compute_opt
c3177181-001e-4e5e-bd4e-a4f377fe62b6,3,0.00429,0.010459,0.103396,0.118145,0.0,66.0,100.0,449.7,False,numba_parallel,parquet_wide_uncompressed,100000,3_compute_opt
c3177181-001e-4e5e-bd4e-a4f377fe62b6,4,0.004375,0.010328,0.103469,0.118172,0.0,66.1,100.0,450.3,False,numba_parallel,parquet_wide_uncompressed,100000,3_compute_opt
c542e961-748f-46c1-afd1-2f8231fb3bf7,0,0.004948,0.004759,8.672356,8.682063000000001,0.0,91.2,100.0,22527.3,False,duckdb_sql,parquet_wide_uncompressed,100000,3_compute_opt
c542e961-748f-46c1-afd1-2f8231fb3bf7,1,0.004342,0.004494,8.563729,8.572565,0.0,93.2,100.0,22519.7,False,duckdb_sql,parquet_wide_uncompressed,100000,3_compute_opt
c542e961-748f-46c1-afd1-2f8231fb3bf7,2,0.004174,0.004623,8.554167,8.562964,0.0,92.6,100.0,22538.3,False,duckdb_sql,parquet_wide_uncompressed,100000,3_compute_opt
c542e961-748f-46c1-afd1-2f8231fb3bf7,3,0.00459,0.004557,8.809051,8.818198,0.0,92.7,100.0,22528.3,False,duckdb_sql,parquet_wide_uncompressed,100000,3_compute_opt
c542e961-748f-46c1-afd1-2f8231fb3bf7,4,0.004592,0.00508,8.773256,8.782928,0.0,93.4,100.0,22506.9,False,duckdb_sql,parquet_wide_uncompressed,100000,3_compute_opt
c6646c35-ca95-46c0-affc-2cf962ec927e,0,0.004219,0.000329,0.001618,0.006166,0.0,95.7,95.7,110.7,False,numpy_vectorised,arrow_ipc,100,2_storage_opt
c6646c35-ca95-46c0-affc-2cf962ec927e,1,0.004207,0.000311,0.001611,0.006128999999999999,0.0,100.0,100.0,111.1,False,numpy_vectorised,arrow_ipc,100,2_storage_opt
c6a0ca56-b930-45bc-b5ba-bb1b40dd5ea9,0,0.004993,0.043701,5.610474,5.659168,0.0,17.6,100.0,22001.1,False,numpy_vectorised,parquet_wide_uncompressed,1000000,2_storage_opt
c6a0ca56-b930-45bc-b5ba-bb1b40dd5ea9,1,0.004182,0.043819,5.681025,5.729026,0.0,17.5,100.0,22001.1,False,numpy_vectorised,parquet_wide_uncompressed,1000000,2_storage_opt
c6a0ca56-b930-45bc-b5ba-bb1b40dd5ea9,2,0.004501,0.043548,5.590403,5.638452,0.0,17.3,100.0,22001.1,False,numpy_vectorised,parquet_wide_uncompressed,1000000,2_storage_opt
c6a0ca56-b930-45bc-b5ba-bb1b40dd5ea9,3,0.004219,0.043626,5.619279,5.667123999999999,0.0,17.5,100.0,22001.2,False,numpy_vectorised,parquet_wide_uncompressed,1000000,2_storage_opt
c6a0ca56-b930-45bc-b5ba-bb1b40dd5ea9,4,0.00463,0.043741,5.645492,5.693863,0.0,17.5,100.0,22001.2,False,numpy_vectorised,parquet_wide_uncompressed,1000000,2_storage_opt
c84860c7-29c0-4b8d-819c-719152ae8693,0,0.071292,0.000786,0.002956,0.07503399999999999,0.0,100.0,100.0,1167.1,False,numpy_vectorised,parquet_per_stock,1000,2_storage_opt
c84860c7-29c0-4b8d-819c-719152ae8693,1,0.069031,0.000769,0.006,0.0758,0.0,100.0,100.0,1167.1,False,numpy_vectorised,parquet_per_stock,1000,2_storage_opt
c84860c7-29c0-4b8d-819c-719152ae8693,2,0.070059,0.000932,0.002907,0.07389799999999999,0.0,100.0,100.0,1167.1,False,numpy_vectorised,parquet_per_stock,1000,2_storage_opt
c84860c7-29c0-4b8d-819c-719152ae8693,3,0.067702,0.000768,0.002866,0.071336,0.0,100.0,100.0,1167.1,False,numpy_vectorised,parquet_per_stock,1000,2_storage_opt
c84860c7-29c0-4b8d-819c-719152ae8693,4,0.067519,0.000752,0.002775,0.071046,0.0,100.0,100.0,1167.1,False,numpy_vectorised,parquet_per_stock,1000,2_storage_opt
c9f54f0a-9fc3-4293-8513-20a13fef0294,0,0.0123,0.000429,0.038233,0.05096200000000001,0.0,98.7,98.7,293.8,False,polars_engine,parquet_wide_uncompressed,1000,3_compute_opt
c9f54f0a-9fc3-4293-8513-20a13fef0294,1,0.010783,0.000647,0.045939,0.057369,0.0,99.1,100.0,300.3,False,polars_engine,parquet_wide_uncompressed,1000,3_compute_opt
c9f54f0a-9fc3-4293-8513-20a13fef0294,2,0.010704,0.000634,0.045637,0.056975,0.0,100.0,100.0,304.6,False,polars_engine,parquet_wide_uncompressed,1000,3_compute_opt
c9f54f0a-9fc3-4293-8513-20a13fef0294,3,0.007751,0.000419,0.029971,0.038141,0.0,100.0,100.0,311.3,False,polars_engine,parquet_wide_uncompressed,1000,3_compute_opt
c9f54f0a-9fc3-4293-8513-20a13fef0294,4,0.005892,0.000402,0.033044,0.039338,0.0,99.5,100.0,313.4,False,polars_engine,parquet_wide_uncompressed,1000,3_compute_opt
cc3d5da2-67a7-483e-a720-ce02b3d9f939,0,0.013077,0.000631,0.006889,0.020597,0.0,100.0,100.0,1210.5,False,numpy_vectorised,parquet_wide_zstd,1000,2_storage_opt
cc3d5da2-67a7-483e-a720-ce02b3d9f939,1,0.013649,0.000639,0.00858,0.022868,0.0,100.0,100.0,1210.5,False,numpy_vectorised,parquet_wide_zstd,1000,2_storage_opt
cc3d5da2-67a7-483e-a720-ce02b3d9f939,2,0.015525,0.000659,0.006787,0.022971,0.0,100.0,100.0,1211.0,False,numpy_vectorised,parquet_wide_zstd,1000,2_storage_opt
cc3d5da2-67a7-483e-a720-ce02b3d9f939,3,0.009136,0.000683,0.003402,0.013221,0.0,97.4,97.4,1211.1,False,numpy_vectorised,parquet_wide_zstd,1000,2_storage_opt
cc3d5da2-67a7-483e-a720-ce02b3d9f939,4,0.008742,0.000632,0.00359,0.012964,0.0,100.0,100.0,1211.1,False,numpy_vectorised,parquet_wide_zstd,1000,2_storage_opt
d1271ef8-2c48-4fae-9949-f052ad3f72f3,0,0.004781,0.102406,1.409566,1.516753,0.0,81.7,100.0,2797.2,False,rust_rayon_nightly,parquet_wide_uncompressed,1000000,3_compute_opt
d1271ef8-2c48-4fae-9949-f052ad3f72f3,1,0.004751,0.104756,1.429585,1.5390920000000001,0.0,81.6,100.0,2803.2,False,rust_rayon_nightly,parquet_wide_uncompressed,1000000,3_compute_opt
d1271ef8-2c48-4fae-9949-f052ad3f72f3,2,0.004136,0.103337,1.424481,1.531954,0.0,81.9,100.0,2803.8,False,rust_rayon_nightly,parquet_wide_uncompressed,1000000,3_compute_opt
d1271ef8-2c48-4fae-9949-f052ad3f72f3,3,0.004117,0.101255,1.422177,1.527549,0.0,82.0,100.0,2804.1,False,rust_rayon_nightly,parquet_wide_uncompressed,1000000,3_compute_opt
d1271ef8-2c48-4fae-9949-f052ad3f72f3,4,0.00411,0.101691,1.409773,1.515574,0.0,81.7,100.0,2804.4,False,rust_rayon_nightly,parquet_wide_uncompressed,1000000,3_compute_opt
d541fb24-e7d1-4ad0-890f-b3704bfe9010,0,0.009221,0.004627,0.561215,0.575063,0.0,26.9,100.0,3073.5,False,numpy_vectorised,csv_wide,100000,1_csv_baseline
d541fb24-e7d1-4ad0-890f-b3704bfe9010,1,0.008879,0.004566,0.560715,0.57416,0.0,26.5,100.0,3073.5,False,numpy_vectorised,csv_wide,100000,1_csv_baseline
d541fb24-e7d1-4ad0-890f-b3704bfe9010,2,0.008654,0.004543,0.569111,0.582308,0.0,26.9,100.0,3073.5,False,numpy_vectorised,csv_wide,100000,1_csv_baseline
d541fb24-e7d1-4ad0-890f-b3704bfe9010,3,0.009645,0.004539,0.571943,0.586127,0.0,26.7,100.0,3073.5,False,numpy_vectorised,csv_wide,100000,1_csv_baseline
d541fb24-e7d1-4ad0-890f-b3704bfe9010,4,0.00886,0.004668,0.554998,0.568526,0.0,27.9,100.0,3073.5,False,numpy_vectorised,csv_wide,100000,1_csv_baseline
ddafdb6e-4e8b-40f5-b768-ddf4cee02882,0,0.004378,0.000291,0.108861,0.11352999999999999,0.0,7.2,8.6,174.0,False,duckdb_sql,parquet_wide_uncompressed,100,3_compute_opt
ddafdb6e-4e8b-40f5-b768-ddf4cee02882,1,0.004537,0.000298,0.10703,0.111865,0.0,6.2,8.5,175.7,False,duckdb_sql,parquet_wide_uncompressed,100,3_compute_opt
ddafdb6e-4e8b-40f5-b768-ddf4cee02882,2,0.0044,0.000295,0.111552,0.116247,0.004,6.7,7.1,176.7,False,duckdb_sql,parquet_wide_uncompressed,100,3_compute_opt
ddafdb6e-4e8b-40f5-b768-ddf4cee02882,3,0.004238,0.000269,0.108579,0.11308599999999999,0.0,6.4,8.6,178.6,False,duckdb_sql,parquet_wide_uncompressed,100,3_compute_opt
ddafdb6e-4e8b-40f5-b768-ddf4cee02882,4,0.004695,0.000281,0.108189,0.11316499999999999,0.0,6.4,8.3,179.8,False,duckdb_sql,parquet_wide_uncompressed,100,3_compute_opt
dddaa9fa-eb90-4817-bb33-5fb0b0acd0a3,0,0.004674,0.010361,0.205597,0.220632,0.0,83.2,100.0,326.0,False,rust_rayon,parquet_wide_uncompressed,100000,3_compute_opt
dddaa9fa-eb90-4817-bb33-5fb0b0acd0a3,1,0.004438,0.010605,0.206113,0.221156,0.0,85.1,100.0,329.0,False,rust_rayon,parquet_wide_uncompressed,100000,3_compute_opt
dddaa9fa-eb90-4817-bb33-5fb0b0acd0a3,2,0.004714,0.010836,0.203865,0.219415,0.0,84.1,100.0,329.7,False,rust_rayon,parquet_wide_uncompressed,100000,3_compute_opt
dddaa9fa-eb90-4817-bb33-5fb0b0acd0a3,3,0.004233,0.01035,0.210611,0.225194,0.0,84.4,100.0,330.4,False,rust_rayon,parquet_wide_uncompressed,100000,3_compute_opt
dddaa9fa-eb90-4817-bb33-5fb0b0acd0a3,4,0.004747,0.010947,0.208627,0.224321,0.0,85.4,100.0,330.9,False,rust_rayon,parquet_wide_uncompressed,100000,3_compute_opt
e2e330cc-80b4-4fd7-a4c1-9c11c5db1065,0,0.004678,0.011035,0.210869,0.226582,0.0,65.6,100.0,738.8,False,java_vector_api,parquet_wide_uncompressed,100000,2_storage_opt
e2e330cc-80b4-4fd7-a4c1-9c11c5db1065,1,0.004559,0.010754,0.207978,0.223291,0.0,67.9,100.0,758.3,False,java_vector_api,parquet_wide_uncompressed,100000,2_storage_opt
e2e330cc-80b4-4fd7-a4c1-9c11c5db1065,2,0.005485,0.011123,0.198329,0.214937,0.0,67.0,100.0,762.6,False,java_vector_api,parquet_wide_uncompressed,100000,2_storage_opt
e2e330cc-80b4-4fd7-a4c1-9c11c5db1065,3,0.004355,0.010444,0.202232,0.217031,0.0,67.2,100.0,763.2,False,java_vector_api,parquet_wide_uncompressed,100000,2_storage_opt
e2e330cc-80b4-4fd7-a4c1-9c11c5db1065,4,0.005007,0.010757,0.194449,0.210213,0.0,65.8,100.0,763.9,False,java_vector_api,parquet_wide_uncompressed,100000,2_storage_opt
e4bba5a8-3f01-426d-9315-02cfa63df04d,0,0.014789,0.000327,0.002111,0.017227,0.0,98.0,98.0,1209.1,False,numpy_vectorised,parquet_wide_zstd,100,2_storage_opt
e4bba5a8-3f01-426d-9315-02cfa63df04d,1,0.012339,0.000501,0.005407,0.018247,0.0,98.1,98.1,1209.1,False,numpy_vectorised,parquet_wide_zstd,100,2_storage_opt
e4bba5a8-3f01-426d-9315-02cfa63df04d,2,0.0124,0.00052,0.006353,0.019273,0.0,100.0,100.0,1209.1,False,numpy_vectorised,parquet_wide_zstd,100,2_storage_opt
e4bba5a8-3f01-426d-9315-02cfa63df04d,3,0.009353,0.00055,0.006341,0.016244,0.0,100.0,100.0,1209.2,False,numpy_vectorised,parquet_wide_zstd,100,2_storage_opt
e4bba5a8-3f01-426d-9315-02cfa63df04d,4,0.01395,0.000496,0.006429,0.020875,0.0,100.0,100.0,1209.5,False,numpy_vectorised,parquet_wide_zstd,100,2_storage_opt
e6524a8a-5d33-407c-9adf-fb7a55fa5a3c,0,0.004466,0.00032,0.003899,0.008685,0.0,32.0,32.0,124.2,False,go_goroutines,parquet_wide_uncompressed,1000,2_storage_opt
e6524a8a-5d33-407c-9adf-fb7a55fa5a3c,1,0.004406,0.000318,0.003932,0.008656,0.0,29.2,29.2,125.3,False,go_goroutines,parquet_wide_uncompressed,1000,2_storage_opt
e6524a8a-5d33-407c-9adf-fb7a55fa5a3c,2,0.003928,0.000309,0.003823,0.008060000000000001,0.0,37.5,37.5,125.9,False,go_goroutines,parquet_wide_uncompressed,1000,2_storage_opt
e6524a8a-5d33-407c-9adf-fb7a55fa5a3c,3,0.004027,0.000316,0.004111,0.008454,0.0,29.2,29.2,126.5,False,go_goroutines,parquet_wide_uncompressed,1000,2_storage_opt
e6524a8a-5d33-407c-9adf-fb7a55fa5a3c,4,0.003906,0.000278,0.003845,0.008029,0.0,34.8,34.8,127.1,False,go_goroutines,parquet_wide_uncompressed,1000,2_storage_opt
e779799a-cd1b-457d-9d9a-7319b64d2a6e,0,0.004459,0.042699,1.142848,1.1900060000000001,0.0,74.1,100.0,2573.0,False,cpp_openmp,parquet_wide_uncompressed,1000000,3_compute_opt
e779799a-cd1b-457d-9d9a-7319b64d2a6e,1,0.004686,0.043167,1.079636,1.127489,0.0,71.8,100.0,2575.6,False,cpp_openmp,parquet_wide_uncompressed,1000000,3_compute_opt
e779799a-cd1b-457d-9d9a-7319b64d2a6e,2,0.004375,0.04249,1.101292,1.1481569999999999,0.0,70.6,100.0,2575.6,False,cpp_openmp,parquet_wide_uncompressed,1000000,3_compute_opt
e779799a-cd1b-457d-9d9a-7319b64d2a6e,3,0.004337,0.043168,1.102445,1.1499499999999998,0.0,70.2,100.0,2575.7,False,cpp_openmp,parquet_wide_uncompressed,1000000,3_compute_opt
e779799a-cd1b-457d-9d9a-7319b64d2a6e,4,0.004524,0.042567,1.109594,1.156685,0.0,69.8,100.0,2575.7,False,cpp_openmp,parquet_wide_uncompressed,1000000,3_compute_opt
e86a0a5e-f56a-4d4c-9ecd-037647f4880a,0,0.074219,0.000535,0.00471,0.07946399999999999,0.0,96.7,98.6,1288.3,False,numpy_vectorised,parquet_per_stock,100,2_storage_opt
e86a0a5e-f56a-4d4c-9ecd-037647f4880a,1,0.070754,0.000692,0.000517,0.071963,0.0,100.0,100.0,1288.4,False,numpy_vectorised,parquet_per_stock,100,2_storage_opt
e86a0a5e-f56a-4d4c-9ecd-037647f4880a,2,0.075914,0.000629,0.000492,0.077035,0.0,99.3,100.0,1288.4,False,numpy_vectorised,parquet_per_stock,100,2_storage_opt
e86a0a5e-f56a-4d4c-9ecd-037647f4880a,3,0.069135,0.000629,0.000348,0.07011200000000001,0.0,100.0,100.0,1288.4,False,numpy_vectorised,parquet_per_stock,100,2_storage_opt
e86a0a5e-f56a-4d4c-9ecd-037647f4880a,4,0.069212,0.000654,0.000362,0.070228,0.0,100.0,100.0,1288.4,False,numpy_vectorised,parquet_per_stock,100,2_storage_opt
e87cae67-a8b6-4788-946f-9210d6126448,0,0.004879,0.043122,2.029246,2.0772470000000003,0.0,89.3,100.0,2419.5,False,rust_rayon,parquet_wide_uncompressed,1000000,3_compute_opt
e87cae67-a8b6-4788-946f-9210d6126448,1,0.005212,0.042695,2.088568,2.136475,0.0,87.2,100.0,2420.9,False,rust_rayon,parquet_wide_uncompressed,1000000,3_compute_opt
e87cae67-a8b6-4788-946f-9210d6126448,2,0.004771,0.042778,2.057123,2.104672,0.0,88.5,100.0,2421.7,False,rust_rayon,parquet_wide_uncompressed,1000000,3_compute_opt
e87cae67-a8b6-4788-946f-9210d6126448,3,0.00448,0.043211,2.029356,2.077047,0.0,89.4,100.0,2422.1,False,rust_rayon,parquet_wide_uncompressed,1000000,3_compute_opt
e87cae67-a8b6-4788-946f-9210d6126448,4,0.00403,0.04382,2.037262,2.085112,0.0,89.8,100.0,2422.8,False,rust_rayon,parquet_wide_uncompressed,1000000,3_compute_opt
eb9f1ce1-0d91-4315-81e1-65ecd734a852,0,0.067271,0.000434,0.002203,0.069908,0.0,4.2,4.3,110.8,False,pandas_baseline,csv_per_stock,100,1_csv_baseline
eb9f1ce1-0d91-4315-81e1-65ecd734a852,1,0.068291,0.000474,0.001933,0.07069800000000001,0.0,4.2,4.3,111.2,False,pandas_baseline,csv_per_stock,100,1_csv_baseline
eb9f1ce1-0d91-4315-81e1-65ecd734a852,2,0.067197,0.000435,0.002195,0.06982700000000001,0.0,4.3,4.6,111.1,False,pandas_baseline,csv_per_stock,100,1_csv_baseline
eb9f1ce1-0d91-4315-81e1-65ecd734a852,3,0.067161,0.000481,0.001923,0.06956499999999999,0.0,3.7,4.2,111.3,False,pandas_baseline,csv_per_stock,100,1_csv_baseline
eb9f1ce1-0d91-4315-81e1-65ecd734a852,4,0.067801,0.000467,0.002303,0.070571,0.0,5.4,5.6,111.2,False,pandas_baseline,csv_per_stock,100,1_csv_baseline
eeb7ec9c-f185-404c-a585-fe14f7f33296,0,0.004778,0.000327,0.002634,0.007739,0.0,28.6,28.6,126.1,False,rust_rayon,parquet_wide_uncompressed,1000,3_compute_opt
eeb7ec9c-f185-404c-a585-fe14f7f33296,1,0.003728,0.000274,0.003178,0.007180000000000001,0.0,38.1,38.1,127.1,False,rust_rayon,parquet_wide_uncompressed,1000,3_compute_opt
eeb7ec9c-f185-404c-a585-fe14f7f33296,2,0.005467,0.000443,0.00622,0.012129999999999998,0.0,47.4,47.4,127.5,False,rust_rayon,parquet_wide_uncompressed,1000,3_compute_opt
eeb7ec9c-f185-404c-a585-fe14f7f33296,3,0.004101,0.000344,0.006424,0.010869,0.0,46.7,46.7,127.9,False,rust_rayon,parquet_wide_uncompressed,1000,3_compute_opt
eeb7ec9c-f185-404c-a585-fe14f7f33296,4,0.005033,0.000373,0.005141,0.010547,0.0,47.1,47.1,128.5,False,rust_rayon,parquet_wide_uncompressed,1000,3_compute_opt
f0ef449d-933d-4832-99b5-5790f232747b,0,0.004434,0.000285,0.002686,0.007404999999999999,0.0,4.8,4.8,124.7,False,rust_rayon,parquet_wide_uncompressed,100,3_compute_opt
f0ef449d-933d-4832-99b5-5790f232747b,1,0.003772,0.000232,0.002712,0.006716000000000001,0.0,5.3,5.3,125.7,False,rust_rayon,parquet_wide_uncompressed,100,3_compute_opt
f0ef449d-933d-4832-99b5-5790f232747b,2,0.003981,0.000246,0.002896,0.007123,0.0,5.0,5.0,127.3,False,rust_rayon,parquet_wide_uncompressed,100,3_compute_opt
f0ef449d-933d-4832-99b5-5790f232747b,3,0.003659,0.000222,0.003509,0.00739,0.0,4.8,4.8,127.9,False,rust_rayon,parquet_wide_uncompressed,100,3_compute_opt
f0ef449d-933d-4832-99b5-5790f232747b,4,0.003763,0.000254,0.002809,0.006826,0.0,5.3,5.3,128.4,False,rust_rayon,parquet_wide_uncompressed,100,3_compute_opt
f77943ca-c664-4f20-944f-760ad9ab6250,0,0.004027,0.000284,0.000227,0.004538,0.0,14.3,14.3,123.9,False,cpp_openmp,parquet_wide_uncompressed,100,3_compute_opt
f77943ca-c664-4f20-944f-760ad9ab6250,1,0.00389,0.000259,0.000237,0.004386,0.0,7.7,7.7,124.7,False,cpp_openmp,parquet_wide_uncompressed,100,3_compute_opt
f77943ca-c664-4f20-944f-760ad9ab6250,2,0.003749,0.00036,0.000333,0.004442,0.0,8.3,8.3,125.1,False,cpp_openmp,parquet_wide_uncompressed,100,3_compute_opt
f77943ca-c664-4f20-944f-760ad9ab6250,3,0.004107,0.000238,0.000266,0.0046110000000000005,0.0,7.7,7.7,126.1,False,cpp_openmp,parquet_wide_uncompressed,100,3_compute_opt
f77943ca-c664-4f20-944f-760ad9ab6250,4,0.004103,0.00025,0.00022,0.004573,0.0,7.7,7.7,127.7,False,cpp_openmp,parquet_wide_uncompressed,100,3_compute_opt
f7f3daac-add3-4eae-8d9d-0dd8e47ee925,0,0.00469,0.043377,1.035654,1.0837210000000002,0.0,76.0,100.0,2542.9,False,numba_parallel,parquet_wide_uncompressed,1000000,3_compute_opt
f7f3daac-add3-4eae-8d9d-0dd8e47ee925,1,0.004383,0.042452,1.103155,1.14999,0.0,69.2,100.0,2546.0,False,numba_parallel,parquet_wide_uncompressed,1000000,3_compute_opt
f7f3daac-add3-4eae-8d9d-0dd8e47ee925,2,0.004216,0.042652,1.052661,1.099529,0.0,74.3,100.0,2546.4,False,numba_parallel,parquet_wide_uncompressed,1000000,3_compute_opt
f7f3daac-add3-4eae-8d9d-0dd8e47ee925,3,0.004383,0.042568,1.110341,1.157292,0.0,68.8,100.0,2546.6,False,numba_parallel,parquet_wide_uncompressed,1000000,3_compute_opt
f7f3daac-add3-4eae-8d9d-0dd8e47ee925,4,0.004308,0.047954,1.029397,1.081659,0.0,75.8,100.0,2546.7,False,numba_parallel,parquet_wide_uncompressed,1000000,3_compute_opt
f8519939-bed3-4387-babe-1841c21f7f62,0,0.004142,0.000336,0.899244,0.903722,0.0,5.6,9.9,16210.2,False,duckdb_sql,parquet_wide_uncompressed,1000,3_compute_opt
f8519939-bed3-4387-babe-1841c21f7f62,1,0.003869,0.00035,0.893884,0.898103,0.0,5.4,9.7,16211.5,False,duckdb_sql,parquet_wide_uncompressed,1000,3_compute_opt
f8519939-bed3-4387-babe-1841c21f7f62,2,0.004108,0.000305,0.885442,0.889855,0.0,5.5,14.7,16258.3,False,duckdb_sql,parquet_wide_uncompressed,1000,3_compute_opt
f8519939-bed3-4387-babe-1841c21f7f62,3,0.003908,0.00033,0.887137,0.8913749999999999,0.0,5.1,9.9,16215.1,False,duckdb_sql,parquet_wide_uncompressed,1000,3_compute_opt
f8519939-bed3-4387-babe-1841c21f7f62,4,0.003929,0.000328,0.890384,0.8946409999999999,0.0,5.2,9.9,16214.7,False,duckdb_sql,parquet_wide_uncompressed,1000,3_compute_opt
fa690a6f-13fe-4278-9dd3-a44ba2527bb3,0,0.00462,0.000315,0.001406,0.006341,0.0,21.1,21.1,125.9,False,cpp_openmp,parquet_wide_uncompressed,1000,3_compute_opt
fabc5368-4216-4aa1-a33a-5a38da1f81ed,0,0.004209,0.004566,0.097426,0.106201,0.0,72.5,100.0,1030.2,False,cpp_openmp,parquet_wide_uncompressed,100000,3_compute_opt
fabc5368-4216-4aa1-a33a-5a38da1f81ed,1,0.004219,0.004497,0.097316,0.106032,0.0,79.7,100.0,1030.6,False,cpp_openmp,parquet_wide_uncompressed,100000,3_compute_opt
fabc5368-4216-4aa1-a33a-5a38da1f81ed,2,0.004542,0.004463,0.097196,0.106201,0.0,78.5,100.0,1030.7,False,cpp_openmp,parquet_wide_uncompressed,100000,3_compute_opt
fabc5368-4216-4aa1-a33a-5a38da1f81ed,3,0.004455,0.004508,0.098955,0.107918,0.0,78.9,100.0,1030.7,False,cpp_openmp,parquet_wide_uncompressed,100000,3_compute_opt
fabc5368-4216-4aa1-a33a-5a38da1f81ed,4,0.004672,0.004506,0.107004,0.11618200000000001,0.0,78.0,100.0,1031.0,False,cpp_openmp,parquet_wide_uncompressed,100000,3_compute_opt
fd311552-c4fe-4d22-90fc-bd7f7ab772dd,0,0.004813,0.011253,0.924502,0.9405680000000001,0.0,30.7,100.0,3739.3,False,polars_engine,parquet_wide_uncompressed,100000,3_compute_opt
fd311552-c4fe-4d22-90fc-bd7f7ab772dd,1,0.004365,0.01036,0.929323,0.944048,0.0,31.4,100.0,3775.6,False,polars_engine,parquet_wide_uncompressed,100000,3_compute_opt
fd311552-c4fe-4d22-90fc-bd7f7ab772dd,2,0.004532,0.010423,0.9082,0.9231550000000001,0.0,29.2,100.0,3835.9,False,polars_engine,parquet_wide_uncompressed,100000,3_compute_opt
fd311552-c4fe-4d22-90fc-bd7f7ab772dd,3,0.004065,0.011344,0.930272,0.945681,0.0,30.2,100.0,3860.3,False,polars_engine,parquet_wide_uncompressed,100000,3_compute_opt
fd311552-c4fe-4d22-90fc-bd7f7ab772dd,4,0.004577,0.011314,0.943003,0.958894,0.0,29.7,100.0,3924.6,False,polars_engine,parquet_wide_uncompressed,100000,3_compute_opt
fdc5a4e9-99a8-457b-980b-a5712c012c61,0,0.014023,0.000628,0.005797,0.020448,0.0,100.0,100.0,1220.6,False,numpy_vectorised,parquet_wide_uncompressed,1000,2_storage_opt
fdc5a4e9-99a8-457b-980b-a5712c012c61,1,0.010296,0.000617,0.006787,0.0177,0.0,100.0,100.0,1220.6,False,numpy_vectorised,parquet_wide_uncompressed,1000,2_storage_opt
fdc5a4e9-99a8-457b-980b-a5712c012c61,2,0.009937,0.000624,0.005109,0.01567,0.0,100.0,100.0,1220.6,False,numpy_vectorised,parquet_wide_uncompressed,1000,2_storage_opt
fdc5a4e9-99a8-457b-980b-a5712c012c61,3,0.012492,0.000673,0.013675,0.02684,0.0,98.7,98.7,1220.6,False,numpy_vectorised,parquet_wide_uncompressed,1000,2_storage_opt
fdc5a4e9-99a8-457b-980b-a5712c012c61,4,0.01022,0.000626,0.020047,0.030892999999999997,0.0,100.0,100.0,1220.6,False,numpy_vectorised,parquet_wide_uncompressed,1000,2_storage_opt
0302f91a-47ea-429d-a6d5-a89c15b01aea,0,0.004505,0.000297,0.003437,0.008239,0.0,0.0,0.0,140.1,False,rust_faer,parquet_wide_uncompressed,1000,3_compute_opt
0302f91a-47ea-429d-a6d5-a89c15b01aea,1,0.003606,0.00029,0.001263,0.0051589999999999995,0.0,14.3,14.3,141.2,False,rust_faer,parquet_wide_uncompressed,1000,3_compute_opt
0302f91a-47ea-429d-a6d5-a89c15b01aea,2,0.00452,0.000322,0.00131,0.0061519999999999995,0.0,12.5,12.5,141.8,False,rust_faer,parquet_wide_uncompressed,1000,3_compute_opt
088b6d44-ac81-4ebb-8dea-059cb35e1499,0,0.013136,0.00046,0.009041,0.022637,0.0,98.5,98.5,126.1,False,numpy_float32,parquet_wide_uncompressed,1000,3_compute_opt
088b6d44-ac81-4ebb-8dea-059cb35e1499,1,0.006282,0.000398,0.011162,0.017842,0.0,98.0,98.0,128.1,False,numpy_float32,parquet_wide_uncompressed,1000,3_compute_opt
